client,total,benign,bruteforce,ddos,dos,mirai,recon,spoofing,web
0,536188,7056,1097,311278,67771,134214,7230,5359,2183
1,536188,7186,1189,311843,67401,133551,7421,5415,2182
2,536188,7104,1157,311195,67298,134576,7334,5264,2260
3,536188,7151,1175,311537,67616,134074,7222,5267,2146
4,536188,7096,1153,311159,67829,134039,7369,5324,2219
5,536188,6933,1175,312166,67586,133521,7306,5317,2184
6,536188,7105,1205,311509,67323,134000,7386,5397,2263
7,536188,7173,1146,311974,67246,133805,7240,5329,2275
8,536188,7196,1154,311242,67930,133885,7302,5328,2151
