epoch,train_loss,test_loss,test_acc,test_f1
1,0.5084639761231416,0.37423106811287954,0.7776909646319483,0.7455079407298779
2,0.3147260588916999,0.2295958221401631,0.8656188915434281,0.8439095863865933
3,0.2438056984606477,0.2218331374302122,0.8761963055208459,0.8549980343764711
4,0.2302170416994402,0.1828466782127697,0.8850954364805136,0.8641082763890778
5,0.2116646130548852,0.2857350081765976,0.833023532630617,0.8061529477202444
6,0.22275387368856198,0.22548423162567618,0.8667104806658976,0.842818151891377
7,0.19858374293368694,0.15909701221799158,0.8936560901929038,0.874071843827558
8,0.21413201252382708,0.15930998353870046,0.894245604731912,0.8744803679981075
9,0.1986253580557804,0.17922077044693357,0.887526831373456,0.8680473163718532
10,0.16880692116043952,0.15663048203616117,0.892635017163617,0.8730384964230111
11,0.16907220879410437,0.15136957277951824,0.8956841330328408,0.876017377577602
12,0.17500296430915302,0.14829246699776402,0.8966967441309456,0.8771083139452887
13,0.16558903864477179,0.15111576644333796,0.8956446440206584,0.8761319088216951
14,0.16161308143234435,0.14857035192747564,0.8970916342527692,0.8774625548464631
15,0.16233838589191008,0.1745467753632501,0.8858936786553427,0.86708686071978
16,0.15866188491113845,0.14844168603001293,0.8967164886370368,0.877038876477442
17,0.15882588783905324,0.1480427649589194,0.8970577865280415,0.8774134340215384
18,0.15695315324525258,0.14876124200049262,0.8964767339202153,0.8769398757683325
19,0.1563264294626244,0.1453295280596064,0.8974865243745928,0.8779155758640683
20,0.15409752480824918,0.15183670747172487,0.8967418744305825,0.8771982382384597
21,0.16155902021455684,0.1739114927718948,0.8945107452422792,0.8745190029978122
22,0.16217683068180636,0.14616044541827047,0.8974385734312285,0.8778086837408384
23,0.16071332415735823,0.1492847959099555,0.897235487082862,0.8776093247228651
24,0.15693365755666733,0.1461250528447865,0.8971734329208612,0.8775595160177695
25,0.1569482177221578,0.14887451450016614,0.8967813634427649,0.8771786818032901
26,0.16367297809426778,0.17615629834474805,0.8863957532388042,0.8668208576993478
27,0.16212523480659896,0.14845023395227144,0.8971706122771339,0.8775575949148
28,0.1610555047229348,0.15363485372139565,0.8932329936338071,0.873995648405647
29,0.19087793483761245,0.25536178312932695,0.8180233492887747,0.7834186435430023
30,0.154400302134693,0.14575893817226207,0.8972580522326805,0.8776449614829155
31,0.15043760855626798,0.14621009992365167,0.8969872704348586,0.8772686637362159
32,0.15538625569375417,0.14703882703299684,0.8971452264835881,0.8775206653435285
33,0.15176125857597417,0.1447864431070144,0.8975852469050487,0.8780108205684897
34,0.14996230999709403,0.1451391145646273,0.8977996158283243,0.8781547197034384
35,0.15105435652997112,0.14530317367448517,0.8976021707674126,0.8779252685987675
36,0.15263444102808976,0.1458523170537787,0.8974413940749558,0.8778280415068734
37,0.15062063962143135,0.14399250597991106,0.8977826919659605,0.8781661694944171
38,0.14773840592439902,0.14395560446153013,0.8978503874154159,0.8782635190235152
39,0.14914489961620572,0.14456718605781088,0.8975542198240483,0.8779417586285972
40,0.15733279222986501,0.1469178531395809,0.8973906224878642,0.8777450829017297
41,0.15135997693717712,0.14567225797372582,0.8969167543416758,0.8774174172839037
42,0.14948572310415542,0.14485631624301487,0.8973398509007726,0.87780559555755
43,0.15419110044216958,0.14757345199614888,0.8969139336979486,0.8773459302739369
44,0.1507212258031388,0.1440427398986129,0.8977403823100508,0.8781791764532773
45,0.1481414844140495,0.1436704558593762,0.8979124415774168,0.8782680750696791
46,0.15430180699518198,0.14469741506164993,0.8976162739860492,0.8779730849552134
47,0.14688842994946846,0.1464901098912879,0.8971029168276784,0.8773716514838855
48,0.1478015815620442,0.143664148860615,0.8978560287028706,0.8782691498208578
49,0.14660683694713458,0.14391605469263694,0.8978644906340525,0.8783280874471836
50,0.14672037528567025,0.14327900365642574,0.8979011590025076,0.8783170762958388
51,0.15590097012556636,0.1439922220976361,0.8977911538971424,0.8781980923632435
52,0.1459997763031925,0.14330247450472186,0.8979293654397806,0.8783012107545681
53,0.15167212585392967,0.14392965170840955,0.897805257115779,0.878213887711118
54,0.14788043157768568,0.1687724143660507,0.8872560495756342,0.8687338178914508
55,0.15030942554642376,0.14408647682571157,0.8979265447960534,0.8782862071843536
56,0.14946205793778294,0.1433875017270287,0.8978221809781428,0.8782702203410214
57,0.14852388121637586,0.14488610714490152,0.897542937249139,0.8779287730521657
58,0.15365162663015822,0.14526721626091693,0.8973595954068637,0.8777083072657881
59,0.14922368870104077,0.1454433172142117,0.8973426715444999,0.8776458891727491
60,0.14678233287006587,0.1444375065171475,0.8977657681035967,0.8781415864929141
61,0.14724903554329535,0.14539410671593078,0.8975513991803209,0.8779462096461335
62,0.14623409341669372,0.14541345409766368,0.8971790742083158,0.8776701686628988
63,0.14692064704275462,0.1437221847831438,0.897887055783871,0.8782532315479904
64,0.145068931714358,0.14558511721860357,0.8970070149409498,0.8772346012339881
65,0.1508143376516988,0.14432527753722355,0.8976388391358676,0.878036561356443
66,0.1452276096015601,0.14383103734422137,0.8978532080591433,0.8782994862192589
67,0.14573633913443357,0.1430854394954298,0.8980027021766908,0.8783815796571534
68,0.1451473648498738,0.14269827358288,0.8980252673265092,0.8783981311742471
69,0.14598482758309805,0.1433756833657458,0.8978673112777799,0.8782328122386638
70,0.14578348276621383,0.14414489630663205,0.8977093552290504,0.8781767604359679
71,0.14517867634287593,0.14263843287556574,0.8980873214885101,0.8784487088991212
72,0.15290227944895682,0.1442651042453761,0.8978644906340525,0.878223335889436
73,0.14601388697116768,0.14305982465719694,0.8979378273709626,0.878377618430304
74,0.14556865746234232,0.1440507450087862,0.8976614042856861,0.8780507939577596
75,0.1449486048619275,0.1431255425443217,0.8979519305895992,0.878305559668427
76,0.1466098656999429,0.1428389179657784,0.8980534737637824,0.8783966863022826
77,0.15153666873041263,0.14340927779986062,0.8979547512333265,0.8783002314305928
78,0.14598943286235178,0.14272666268180315,0.8980393705451458,0.8784527456318755
79,0.14514524631336048,0.1491281174889531,0.8958279858629337,0.8759408000507407
80,0.14538809822934318,0.1438997599492548,0.8978898764275983,0.8782066751834111
81,0.14579853496861184,0.14372797254165462,0.897796795184597,0.8781872269464279
82,0.14452819991428098,0.1433096461060285,0.8978108984032336,0.8782493786538604
83,0.1454493060367763,0.14321058563487793,0.8978673112777799,0.8782294739871402
84,0.14683532863868812,0.14298265971396437,0.8980732182698735,0.8784162206647999
85,0.14441195020193398,0.14271830822295933,0.8981183485695106,0.8785045343400135
86,0.14521656670325261,0.1426937636164369,0.8979914196017815,0.8783877599849348
87,0.14440301680045176,0.14364280918313538,0.8978898764275983,0.8783097215157472
88,0.14503182202338183,0.14425678727104635,0.8978447461279613,0.8782090512134917
89,0.1449852133014592,0.14261487066481637,0.8979970608892361,0.8784299535422133
90,0.1452416193185058,0.14365815534087817,0.8976501217107768,0.8780422076344518
