client,total,benign,gafgyt_combo,gafgyt_junk,gafgyt_scan,gafgyt_tcp,gafgyt_udp,mirai_ack,mirai_scan,mirai_syn,mirai_udp,mirai_udpplain
0,209683,0,106,30,95847,60671,237,24549,0,17652,10591,0
1,54752,116,0,0,0,0,5604,303,2202,5,46522,0
2,247082,23,1053,16092,45848,73517,621,148,882,76,2903,105919
3,116921,1061,0,23213,89,78,0,5,656,91800,0,19
4,119677,152,0,1,96,262,218,5,101364,1259,16126,194
5,234106,94229,76,104631,1478,2,5,2,758,1206,31544,175
6,134528,0,875,1,563,9467,62876,56473,0,0,4273,0
7,76210,42530,195,31,78,0,0,28802,4503,0,1,70
8,225153,1,141695,1,1,3,74439,1713,1635,2,40,5623
